{
    "QCD_HT50to100_TuneCP5_13TeV-madgraphMLM-pythia8": 195622.14046189783,
    "QCD_HT50to100_TuneCP5_13TeV-madgraphMLM-pythia8_LHEScaleSumw": [
        1.0225954729644435,
        0.8695253212665813,
        0.7756130437078103,
        1.1759172223588432,
        1.0,
        0.8920485786901934,
        1.3279728500805614,
        1.1293969203447316,
        1.0075224553336057
    ],
    "QCD_HT100to200_TuneCP5_13TeV-madgraphMLM-pythia8": 12109.788378266205,
    "QCD_HT100to200_TuneCP5_13TeV-madgraphMLM-pythia8_LHEScaleSumw": [
        0.9263652774572915,
        0.8821908395231168,
        0.8576671084219548,
        1.050037850419057,
        1.0,
        0.9722152500222213,
        1.1728429821549955,
        1.1169830277006416,
        1.085960456063607
    ],
    "QCD_HT200to300_TuneCP5_13TeV-madgraphMLM-pythia8": 1072.4601806614523,
    "QCD_HT200to300_TuneCP5_13TeV-madgraphMLM-pythia8_LHEScaleSumw": [
        0.8770896318340677,
        0.8944656461564398,
        0.917958295636297,
        0.980597547829759,
        1.0,
        1.0262402563963122,
        1.0835330862507269,
        1.104951130128912,
        1.133924140871276
    ],
    "QCD_HT300to500_TuneCP5_13TeV-madgraphMLM-pythia8": 243.29863184652774,
    "QCD_HT300to500_TuneCP5_13TeV-madgraphMLM-pythia8_LHEScaleSumw": [
        0.8560164334522042,
        0.901580432850989,
        0.950041749566455,
        0.9494767387248071,
        1.0,
        1.0537361376625094,
        1.0424871193787861,
        1.0979460331719568,
        1.1569318578962795
    ],
    "QCD_HT500to700_TuneCP5_13TeV-madgraphMLM-pythia8": 20.78577455118498,
    "QCD_HT500to700_TuneCP5_13TeV-madgraphMLM-pythia8_LHEScaleSumw": [
        0.8386632280930316,
        0.9084368847543282,
        0.9801422980314843,
        0.9232121345670253,
        1.0,
        1.0789136894126587,
        1.007411897500017,
        1.0911851087823659,
        1.1772773910450485
    ],
    "QCD_HT700to1000_TuneCP5_13TeV-madgraphMLM-pythia8": 5.589615760940935,
    "QCD_HT700to1000_TuneCP5_13TeV-madgraphMLM-pythia8_LHEScaleSumw": [
        0.8288868757779317,
        0.9127994395426904,
        0.9990260561712384,
        0.9080855726813143,
        1.0,
        1.0944488967078652,
        0.986988561972705,
        1.0868750362389579,
        1.1895155532658654
    ],
    "QCD_HT1000to1500_TuneCP5_13TeV-madgraphMLM-pythia8": 3.2873935098917975,
    "QCD_HT1000to1500_TuneCP5_13TeV-madgraphMLM-pythia8_LHEScaleSumw": [
        0.8201350585251381,
        0.9170082509389239,
        1.0171894843409777,
        0.8943691259925872,
        1.0,
        1.10923769926545,
        0.9683538698749096,
        1.082713150848601,
        1.2009770468439231
    ],
    "QCD_HT1500to2000_TuneCP5_13TeV-madgraphMLM-pythia8": 0.36607223703993735,
    "QCD_HT1500to2000_TuneCP5_13TeV-madgraphMLM-pythia8_LHEScaleSumw": [
        0.8121071337123118,
        0.9209521332275835,
        1.0345852321012872,
        0.8818208982825263,
        1.0,
        1.1233773743629811,
        0.9513235179594267,
        1.07880854814989,
        1.2119007911462978
    ],
    "QCD_HT2000toInf_TuneCP5_13TeV-madgraphMLM-pythia8": 0.16070572937540634,
    "QCD_HT2000toInf_TuneCP5_13TeV-madgraphMLM-pythia8_LHEScaleSumw": [
        0.8050813521217087,
        0.924059909836341,
        1.0496787867903743,
        0.8712454469298594,
        1.0,
        1.135940786470255,
        0.9372233089789309,
        1.0757264144100276,
        1.2219601390708328
    ],
    "WJetsToLNu_HT-100To200_TuneCP5_13TeV-madgraphMLM-pythia8": 1.0386922207835623,
    "WJetsToLNu_HT-100To200_TuneCP5_13TeV-madgraphMLM-pythia8_LHEScaleSumw": [
        0.9623469204085985,
        0.9619680165361184,
        0.9683945347414971,
        1.000606976419124,
        1.0,
        1.0065229335455441,
        1.034348636089878,
        1.0335251207442029,
        1.0401216445649326
    ],
    "WJetsToLNu_HT-1200To2500_TuneCP5_13TeV-madgraphMLM-pythia8": 0.00457683166606897,
    "WJetsToLNu_HT-1200To2500_TuneCP5_13TeV-madgraphMLM-pythia8_LHEScaleSumw": [
        0.791244431147656,
        0.8869723865896556,
        0.9862060443894849,
        0.8921158895381892,
        1.0,
        1.1118343978966796,
        0.993086248388271,
        1.113148066359875,
        1.237606188648012
    ],
    "WJetsToLNu_HT-200To400_TuneCP5_13TeV-madgraphMLM-pythia8": 0.3171515610360144,
    "WJetsToLNu_HT-200To400_TuneCP5_13TeV-madgraphMLM-pythia8_LHEScaleSumw": [
        0.8965655061872425,
        0.9332893177012331,
        0.9723897832048732,
        0.9605539308447151,
        1.0,
        1.0420012978278335,
        1.0185767769761502,
        1.0604974594311882,
        1.1051374386085913
    ],
    "WJetsToLNu_HT-2500ToInf_TuneCP5_13TeV-madgraphMLM-pythia8": 0.00010322072073554059,
    "WJetsToLNu_HT-2500ToInf_TuneCP5_13TeV-madgraphMLM-pythia8_LHEScaleSumw": [
        0.7733775117919076,
        0.8910999031780954,
        1.0163973172421235,
        0.8679609030672029,
        1.0,
        1.1405307159514266,
        0.9632739197510333,
        1.10973841371132,
        1.2656180002559259
    ],
    "WJetsToLNu_HT-400To600_TuneCP5_13TeV-madgraphMLM-pythia8": 0.2587287180627847,
    "WJetsToLNu_HT-400To600_TuneCP5_13TeV-madgraphMLM-pythia8_LHEScaleSumw": [
        0.8396214054549456,
        0.9005272981101088,
        0.9626903985666736,
        0.9322231567828312,
        1.0,
        1.0691754078393199,
        1.021054664723917,
        1.09546356182034,
        1.1714076510125833
    ],
    "WJetsToLNu_HT-600To800_TuneCP5_13TeV-madgraphMLM-pythia8": 0.040882412520564015,
    "WJetsToLNu_HT-600To800_TuneCP5_13TeV-madgraphMLM-pythia8_LHEScaleSumw": [
        0.8180670389286406,
        0.8909524109683831,
        0.9653203790470382,
        0.9181312786839663,
        1.0,
        1.0835375708841417,
        1.0161894098103808,
        1.1068965072659047,
        1.1994565008389648
    ],
    "WJetsToLNu_HT-70To100_TuneCP5_13TeV-madgraphMLM-pythia8": 1.1252149091900034,
    "WJetsToLNu_HT-70To100_TuneCP5_13TeV-madgraphMLM-pythia8_LHEScaleSumw": [
        1.0004440928657605,
        0.9688227191170901,
        0.9497248328327034,
        1.0329741682405416,
        1.0,
        0.9800444029560235,
        1.0613090109273269,
        1.0271386693439986,
        1.0064232374078366
    ],
    "WJetsToLNu_HT-800To1200_TuneCP5_13TeV-madgraphMLM-pythia8": 0.020809026497614937,
    "WJetsToLNu_HT-800To1200_TuneCP5_13TeV-madgraphMLM-pythia8_LHEScaleSumw": [
        0.8048263507408729,
        0.8875307432806986,
        0.9723419400225611,
        0.9068115420669115,
        1.0,
        1.0955645692350273,
        1.007918392068882,
        1.1115242999317423,
        1.217774809978272
    ],
    "WJetsToQQ_HT-200to400_TuneCP5_13TeV-madgraphMLM-pythia8": 6.616897722747358,
    "WJetsToQQ_HT-200to400_TuneCP5_13TeV-madgraphMLM-pythia8_LHEScaleSumw": [
        0.9536251563184063,
        0.9572511462817739,
        0.9668934502540354,
        0.996559377927612,
        1.0,
        1.0097951444531315,
        1.0344870029416633,
        1.0377432457903146,
        1.047657611046968
    ],
    "WJetsToQQ_HT-400to600_TuneCP5_13TeV-madgraphMLM-pythia8": 1.1512226332680384,
    "WJetsToQQ_HT-400to600_TuneCP5_13TeV-madgraphMLM-pythia8_LHEScaleSumw": [
        0.8861048250337745,
        0.9285231708452201,
        0.9728537689559121,
        0.9544818400288427,
        1.0,
        1.0475936239849932,
        1.0172448552889726,
        1.0655959495058787,
        1.1161745402726233
    ],
    "WJetsToQQ_HT-600to800_TuneCP5_13TeV-madgraphMLM-pythia8": 0.17031577602402936,
    "WJetsToQQ_HT-600to800_TuneCP5_13TeV-madgraphMLM-pythia8_LHEScaleSumw": [
        0.8584844445040806,
        0.9184867272521178,
        0.9798093234917823,
        0.9347744035015592,
        1.0,
        1.066668511239004,
        1.006378776790174,
        1.0765057651948473,
        1.1481915849683098
    ],