{
    "QCD_HT50to100_TuneCP5_13TeV-madgraphMLM-pythia8": 291380.87144802284,
    "QCD_HT50to100_TuneCP5_13TeV-madgraphMLM-pythia8_LHEScaleSumw": [
        1.0226169398774245,
        0.8695250851660266,
        0.7755995826608342,
        1.175942804205741,
        1.0,
        0.8920330182038911,
        1.3280024193146645,
        1.1293970880809,
        1.0075047619163906
    ],
    "QCD_HT100to200_TuneCP5_13TeV-madgraphMLM-pythia8": 17597.605413325462,
    "QCD_HT100to200_TuneCP5_13TeV-madgraphMLM-pythia8_LHEScaleSumw": [
        0.9263816459782417,
        0.8821933863403905,
        0.857659224916817,
        1.0500532343317233,
        1.0,
        0.9722035738582566,
        1.1728564420022123,
        1.1169796399393788,
        1.0859442020487005
    ],
    "QCD_HT200to300_TuneCP5_13TeV-madgraphMLM-pythia8": 1508.0640420248774,
    "QCD_HT200to300_TuneCP5_13TeV-madgraphMLM-pythia8_LHEScaleSumw": [
        0.8770844498154341,
        0.8944589771519148,
        0.9179510766189841,
        0.9805987517576569,
        1.0,
        1.0262401983273155,
        1.0835423011228669,
        1.1049594849164663,
        1.1339330148000162
    ],
    "QCD_HT300to500_TuneCP5_13TeV-madgraphMLM-pythia8": 341.5823820597355,
    "QCD_HT300to500_TuneCP5_13TeV-madgraphMLM-pythia8_LHEScaleSumw": [
        0.8560189111493104,
        0.9015781174658679,
        0.9500350561472958,
        0.9494817257103589,
        1.0,
        1.053731649781124,
        1.042495217695121,
        1.0979490174764266,
        1.156930318906512
    ],
    "QCD_HT500to700_TuneCP5_13TeV-madgraphMLM-pythia8": 29.60751058391373,
    "QCD_HT500to700_TuneCP5_13TeV-madgraphMLM-pythia8_LHEScaleSumw": [
        0.8386460208426367,
        0.9084274070971203,
        0.9801418091790307,
        0.9232021753328196,
        1.0,
        1.0789251933500685,
        1.0074106408701895,
        1.0911962888983084,
        1.1773028653793154
    ],
    "QCD_HT700to1000_TuneCP5_13TeV-madgraphMLM-pythia8": 8.086268773343898,
    "QCD_HT700to1000_TuneCP5_13TeV-madgraphMLM-pythia8_LHEScaleSumw": [
        0.8288887730458897,
        0.9127989267695742,
        0.9990224786000171,
        0.9080881334917442,
        1.0,
        1.0944456224122427,
        0.9869917830300438,
        1.0868755468889866,
        1.189512581702936
    ],
    "QCD_HT1000to1500_TuneCP5_13TeV-madgraphMLM-pythia8": 4.405207151873075,
    "QCD_HT1000to1500_TuneCP5_13TeV-madgraphMLM-pythia8_LHEScaleSumw": [
        0.8201237751367061,
        0.9170067006695978,
        1.0171973495562356,
        0.8943583233005015,
        1.0,
        1.109248159911611,
        0.9683435354777407,
        1.082714683702713,
        1.2009900805542664
    ],
    "QCD_HT1500to2000_TuneCP5_13TeV-madgraphMLM-pythia8": 0.5503404190956378,
    "QCD_HT1500to2000_TuneCP5_13TeV-madgraphMLM-pythia8_LHEScaleSumw": [
        0.8121325552983156,
        0.9209525140255004,
        1.0345583571330026,
        0.8818481505977652,
        1.0,
        1.1233477114788122,
        0.9513525945145411,
        1.0788081675577728,
        1.2118683478615302
    ],
    "QCD_HT2000toInf_TuneCP5_13TeV-madgraphMLM-pythia8": 0.22766271541722777,
    "QCD_HT2000toInf_TuneCP5_13TeV-madgraphMLM-pythia8_LHEScaleSumw": [
        0.8051017414161631,
        0.9240605765142543,
        1.0496555983041551,
        0.871266827399709,
        1.0,
        1.135914939097146,
        0.9372456921527542,
        1.0757257651420709,
        1.2219316570095882
    ],
    "WJetsToLNu_HT-100To200_TuneCP5_13TeV-madgraphMLM-pythia8": 1.0851145673019018,
    "WJetsToLNu_HT-100To200_TuneCP5_13TeV-madgraphMLM-pythia8_LHEScaleSumw": [
        0.9623396589419131,
        0.9619840175864451,
        0.9684306756679134,
        1.000583258533801,
        1.0,
        1.006543361100105,
        1.0343088378193945,
        1.0335094833280085,
        1.040126712112199
    ],
    "WJetsToLNu_HT-1200To2500_TuneCP5_13TeV-madgraphMLM-pythia8": 0.004861618439282274,
    "WJetsToLNu_HT-1200To2500_TuneCP5_13TeV-madgraphMLM-pythia8_LHEScaleSumw": [
        0.7911988210357319,
        0.8869340489145554,
        0.9861774967039951,
        0.8921041895149752,
        1.0,
        1.1118489190776093,
        0.9931110744917703,
        1.1131892585137992,
        1.2376668659130805
    ],
    "WJetsToLNu_HT-200To400_TuneCP5_13TeV-madgraphMLM-pythia8": 0.3403739499292181,
    "WJetsToLNu_HT-200To400_TuneCP5_13TeV-madgraphMLM-pythia8_LHEScaleSumw": [
        0.8965714499118209,
        0.9333169890992474,
        0.9724382343924033,
        0.9605328020078081,
        1.0,
        1.0420214347349561,
        1.018530080135078,
        1.0604711480261222,
        1.1051304883540618
    ],
    "WJetsToLNu_HT-2500ToInf_TuneCP5_13TeV-madgraphMLM-pythia8": 0.00010482931220247968,
    "WJetsToLNu_HT-2500ToInf_TuneCP5_13TeV-madgraphMLM-pythia8_LHEScaleSumw": [
        0.773359183398503,
        0.8911090608701322,
        1.0164387004954523,
        0.8679309604777476,
        1.0,
        1.1405659304785993,
        0.9632306371979953,
        1.1097273713036062,
        1.2656450023167427
    ],
    "WJetsToLNu_HT-400To600_TuneCP5_13TeV-madgraphMLM-pythia8": 0.2687438291915212,
    "WJetsToLNu_HT-400To600_TuneCP5_13TeV-madgraphMLM-pythia8_LHEScaleSumw": [
        0.8395900467785615,
        0.9004620754792048,
        0.9625890404238402,
        0.9322575955609818,
        1.0,
        1.0691387669120338,
        1.021162915242054,
        1.09553749807567,
        1.1714451637449421
    ],
    "WJetsToLNu_HT-600To800_TuneCP5_13TeV-madgraphMLM-pythia8": 0.042769015092912525,
    "WJetsToLNu_HT-600To800_TuneCP5_13TeV-madgraphMLM-pythia8_LHEScaleSumw": [
        0.818028820491887,
        0.8909680061330425,
        0.9653930377193961,
        0.9180728187519069,
        1.0,
        1.083599647433589,
        1.016109383360564,
        1.1068793878338363,
        1.199506249813692
    ],
    "WJetsToLNu_HT-70To100_TuneCP5_13TeV-madgraphMLM-pythia8": 1.0650548070795354,
    "WJetsToLNu_HT-70To100_TuneCP5_13TeV-madgraphMLM-pythia8_LHEScaleSumw": [
        1.0004864369712518,
        0.9688283422765325,
        0.9497007685700672,
        1.033011986757801,
        1.0,
        0.9800137752533947,
        1.0613427511885514,
        1.0271336169503502,
        1.0063867213461242
    ],
    "WJetsToLNu_HT-800To1200_TuneCP5_13TeV-madgraphMLM-pythia8": 0.020250239022757827,
    "WJetsToLNu_HT-800To1200_TuneCP5_13TeV-madgraphMLM-pythia8_LHEScaleSumw": [
        0.8048403829773808,
        0.8875203212401278,
        0.9723037620384608,
        0.9068396746498792,
        1.0,
        1.0955326396123914,
        1.007960216484577,
        1.1115342857692476,
        1.2177486617967106
    ],
    "WJetsToQQ_HT-200to400_TuneCP5_13TeV-madgraphMLM-pythia8": 10.503701767910322,
    "WJetsToQQ_HT-200to400_TuneCP5_13TeV-madgraphMLM-pythia8_LHEScaleSumw": [
        0.9536064470167236,
        0.9572684607656737,
        0.9669443129815075,
        0.9965206444545991,
        1.0,
        1.00983098564708,
        1.0344277930251529,
        1.0377252389328295,
        1.0476775172628074
    ],
    "WJetsToQQ_HT-400to600_TuneCP5_13TeV-madgraphMLM-pythia8": 1.7641557880637555,
    "WJetsToQQ_HT-400to600_TuneCP5_13TeV-madgraphMLM-pythia8_LHEScaleSumw": [
        0.8860823060660845,
        0.9284954417247263,
        0.9728214486849992,
        0.9544855204188208,
        1.0,
        1.0475906202009546,
        1.0172748214939444,
        1.065623660788816,
        1.11620072660073
    ],
    "WJetsToQQ_HT-600to800_TuneCP5_13TeV-madgraphMLM-pythia8": 0.261206701920734,
    "WJetsToQQ_HT-600to800_TuneCP5_13TeV-madgraphMLM-pythia8_LHEScaleSumw": [
        0.8584821506237197,
        0.9184843649263537,
        0.9798066721075642,
        0.9347732822624482,
        1.0,
        1.0666693729784027,
        1.0063811559404234,
        1.0765105492579903,
        1.1481984818988134
    ],