{
    "QCD_HT50to100_TuneCP5_13TeV-madgraphMLM-pythia8": 291380.87144802284,
    "QCD_HT50to100_TuneCP5_13TeV-madgraphMLM-pythia8_LHEScaleSumw": [
        1.0226169398774245,
        0.8695250851660261,
        0.7755995826608343,
        1.175942804205741,
        1.0,
        0.8920330182038915,
        1.3280024193146642,
        1.1293970880809,
        1.0075047619163908
    ],
    "QCD_HT100to200_TuneCP5_13TeV-madgraphMLM-pythia8": 17597.605413325462,
    "QCD_HT100to200_TuneCP5_13TeV-madgraphMLM-pythia8_LHEScaleSumw": [
        0.9263816459782417,
        0.8821933863403904,
        0.8576592249168171,
        1.0500532343317233,
        1.0,
        0.9722035738582568,
        1.1728564420022123,
        1.116979639939379,
        1.0859442020487002
    ],
    "QCD_HT200to300_TuneCP5_13TeV-madgraphMLM-pythia8": 1508.0640420248774,
    "QCD_HT200to300_TuneCP5_13TeV-madgraphMLM-pythia8_LHEScaleSumw": [
        0.8770844498154341,
        0.8944589771519146,
        0.9179510766189841,
        0.9805987517576569,
        1.0,
        1.026240198327316,
        1.083542301122867,
        1.1049594849164663,
        1.133933014800016
    ],
    "QCD_HT300to500_TuneCP5_13TeV-madgraphMLM-pythia8": 341.5823820597355,
    "QCD_HT300to500_TuneCP5_13TeV-madgraphMLM-pythia8_LHEScaleSumw": [
        0.8560189111493104,
        0.9015781174658679,
        0.9500350561472958,
        0.9494817257103587,
        1.0,
        1.0537316497811242,
        1.042495217695121,
        1.0979490174764266,
        1.1569303189065125
    ],
    "QCD_HT500to700_TuneCP5_13TeV-madgraphMLM-pythia8": 29.60751058391373,
    "QCD_HT500to700_TuneCP5_13TeV-madgraphMLM-pythia8_LHEScaleSumw": [
        0.8386460208426362,
        0.9084274070971203,
        0.9801418091790307,
        0.9232021753328196,
        1.0,
        1.0789251933500683,
        1.0074106408701895,
        1.0911962888983082,
        1.1773028653793156
    ],
    "QCD_HT700to1000_TuneCP5_13TeV-madgraphMLM-pythia8": 8.086268773343898,
    "QCD_HT700to1000_TuneCP5_13TeV-madgraphMLM-pythia8_LHEScaleSumw": [
        0.8288887730458897,
        0.9127989267695741,
        0.9990224786000169,
        0.9080881334917441,
        1.0,
        1.094445622412243,
        0.9869917830300435,
        1.0868755468889868,
        1.1895125817029357
    ],
    "QCD_HT1000to1500_TuneCP5_13TeV-madgraphMLM-pythia8": 4.405207151873075,
    "QCD_HT1000to1500_TuneCP5_13TeV-madgraphMLM-pythia8_LHEScaleSumw": [
        0.8201237751367061,
        0.9170067006695977,
        1.0171973495562359,
        0.8943583233005015,
        1.0,
        1.109248159911611,
        0.9683435354777404,
        1.082714683702713,
        1.2009900805542664
    ],
    "QCD_HT1500to2000_TuneCP5_13TeV-madgraphMLM-pythia8": 0.5503404190956378,
    "QCD_HT1500to2000_TuneCP5_13TeV-madgraphMLM-pythia8_LHEScaleSumw": [
        0.8121325552983157,
        0.9209525140255002,
        1.0345583571330026,
        0.8818481505977651,
        1.0,
        1.1233477114788122,
        0.9513525945145411,
        1.0788081675577728,
        1.2118683478615302
    ],
    "QCD_HT2000toInf_TuneCP5_13TeV-madgraphMLM-pythia8": 0.22766271541722777,
    "QCD_HT2000toInf_TuneCP5_13TeV-madgraphMLM-pythia8_LHEScaleSumw": [
        0.8051017414161631,
        0.9240605765142543,
        1.0496555983041551,
        0.871266827399709,
        1.0,
        1.1359149390971457,
        0.9372456921527542,
        1.0757257651420709,
        1.2219316570095882
    ],
    "Charybdis2_BlackHole_B9_MD2000_MBH10000_n4": 1.0
}