{
    "QCD-4Jets_HT-70to100_TuneCP5_13p6TeV_madgraphMLM-pythia8": 8.114440958089746e-05,
    "QCD-4Jets_HT-70to100_TuneCP5_13p6TeV_madgraphMLM-pythia8_LHEScaleSumw": [
        0.9846970755024518,
        0.8737396056728939,
        0.8048393148404861,
        1.1269913189017777,
        1.0,
        0.9211267887597105,
        1.2681603469263725,
        1.125263991842504,
        1.0364980594959632
    ],
    "QCD-4Jets_HT-200to400_TuneCP5_13p6TeV_madgraphMLM-pythia8": 4.4071548579830323e-05,
    "QCD-4Jets_HT-200to400_TuneCP5_13p6TeV_madgraphMLM-pythia8_LHEScaleSumw": [
        0.8770991513267316,
        0.895322112905707,
        0.9194071620378045,
        0.9796457612743847,
        1.0,
        1.0268975560289226,
        1.0816265146736448,
        1.1041005893793097,
        1.1337954602385751
    ],
    "QCD-4Jets_HT-400to600_TuneCP5_13p6TeV_madgraphMLM-pythia8": 3.722197696972026e-05,
    "QCD-4Jets_HT-400to600_TuneCP5_13p6TeV_madgraphMLM-pythia8_LHEScaleSumw": [
        0.8479728391048308,
        0.9055564867634031,
        0.9652852041381412,
        0.93642926469065,
        1.0,
        1.0659389909180164,
        1.0244947113092477,
        1.0940261753975666,
        1.166148068327852
    ],
    "QCD-4Jets_HT-600to800_TuneCP5_13p6TeV_madgraphMLM-pythia8": 3.523790886279242e-05,
    "QCD-4Jets_HT-600to800_TuneCP5_13p6TeV_madgraphMLM-pythia8_LHEScaleSumw": [
        0.8357711191985738,
        0.9107106715880949,
        0.9876091580451595,
        0.9177364229169186,
        1.0,
        1.0844128277770644,
        0.99937018542545,
        1.088927230977826,
        1.1808228542595827
    ],
    "QCD-4Jets_HT-800to1000_TuneCP5_13p6TeV_madgraphMLM-pythia8": 2.9492217068951997e-05,
    "QCD-4Jets_HT-800to1000_TuneCP5_13p6TeV_madgraphMLM-pythia8_LHEScaleSumw": [
        0.8284708774757661,
        0.9139800829488064,
        1.0018994973120712,
        0.9064619660464095,
        1.0,
        1.0961736343646864,
        0.9841665670356852,
        1.085703493443139,
        1.1901004516226301
    ],
    "QCD-4Jets_HT-1000to1200_TuneCP5_13p6TeV_madgraphMLM-pythia8": 2.9835608517835088e-05,
    "QCD-4Jets_HT-1000to1200_TuneCP5_13p6TeV_madgraphMLM-pythia8_LHEScaleSumw": [
        0.8234113476743977,
        0.9163731884052727,
        1.0122973553251065,
        0.8985699052182318,
        1.0,
        1.104661507800528,
        0.9734717838799142,
        1.083341101835039,
        1.1967099434568205
    ],
    "QCD-4Jets_HT-1200to1500_TuneCP5_13p6TeV_madgraphMLM-pythia8": 2.8675110835732006e-05,
    "QCD-4Jets_HT-1200to1500_TuneCP5_13p6TeV_madgraphMLM-pythia8_LHEScaleSumw": [
        0.8192193851658464,
        0.9185531635712503,
        1.0214371641490485,
        0.8918769668867548,
        1.0,
        1.1119850342833302,
        0.9642907864855342,
        1.0811724081887273,
        1.2022264301561263
    ],
    "QCD-4Jets_HT-1500to2000_TuneCP5_13p6TeV_madgraphMLM-pythia8": 2.807150118965112e-05,
    "QCD-4Jets_HT-1500to2000_TuneCP5_13p6TeV_madgraphMLM-pythia8_LHEScaleSumw": [
        0.8141302468440534,
        0.9209661605887536,
        1.0323087293748368,
        0.8840072036949245,
        1.0,
        1.1208844927604122,
        0.9536690180996183,
        1.0787900998464142,
        1.2091865978888992
    ],
    "QCD-4Jets_HT-2000_TuneCP5_13p6TeV_madgraphMLM-pythia8": 3.3370659129567076e-05,
    "QCD-4Jets_HT-2000_TuneCP5_13p6TeV_madgraphMLM-pythia8_LHEScaleSumw": [
        0.8070733688306876,
        0.9240688066595578,
        1.047358482243028,
        0.873392811460253,
        1.0,
        1.1334188327099701,
        0.9395254908068834,
        1.0757174372450906,
        1.2192369853564797
    ],
    "WtoLNu-4Jets_MLNu-0to120_HT-100to400_TuneCP5_13p6TeV_madgraphMLM-pythia8": 9.680882901871691e-06,
    "WtoLNu-4Jets_MLNu-0to120_HT-100to400_TuneCP5_13p6TeV_madgraphMLM-pythia8_LHEScaleSumw": [
        0.9502223577438992,
        0.9556696862102408,
        0.9668032148548983,
        0.9946571701271637,
        1.0,
        1.011365685561945,
        1.0339494537144547,
        1.0391790241443934,
        1.0507341951508598
    ],
    "WtoLNu-4Jets_MLNu-0to120_HT-1500to2500_TuneCP5_13p6TeV_madgraphMLM-pythia8": 0.0014809695047415894,
    "WtoLNu-4Jets_MLNu-0to120_HT-1500to2500_TuneCP5_13p6TeV_madgraphMLM-pythia8_LHEScaleSumw": [
        0.7882809430506075,
        0.8874634536544376,
        0.9906931615503282,
        0.8882964218897643,
        1.0,
        1.1162602838479425,
        0.9886768306953243,
        1.11295354049307,
        1.2422991004393396
    ],
    "WtoLNu-4Jets_MLNu-0to120_HT-2500_TuneCP5_13p6TeV_madgraphMLM-pythia8": 0.0014281608169711172,
    "WtoLNu-4Jets_MLNu-0to120_HT-2500_TuneCP5_13p6TeV_madgraphMLM-pythia8_LHEScaleSumw": [
        0.7752388317826457,
        0.8906572678930325,
        1.0132055123530221,
        0.8704800736892686,
        1.0,
        1.1375166030904778,
        0.9664751625975841,
        1.1102068802603329,
        1.2628088833362152
    ],
    "WtoLNu-4Jets_MLNu-0to120_HT-400to800_TuneCP5_13p6TeV_madgraphMLM-pythia8": 5.639430797818723e-05,
    "WtoLNu-4Jets_MLNu-0to120_HT-400to800_TuneCP5_13p6TeV_madgraphMLM-pythia8_LHEScaleSumw": [
        0.8370812838898445,
        0.8980665694480852,
        0.9602708026801212,
        0.9319928828260511,
        1.0,
        1.0693672609120224,
        1.0234947593625383,
        1.0983052965544509,
        1.174613090339379
    ],
    "WtoLNu-4Jets_MLNu-0to120_HT-40to100_TuneCP5_13p6TeV_madgraphMLM-pythia8": 1.0479813372812605e-05,
    "WtoLNu-4Jets_MLNu-0to120_HT-40to100_TuneCP5_13p6TeV_madgraphMLM-pythia8_LHEScaleSumw": [
        1.0314086745720312,
        0.9752305536107083,
        0.9368702217815321,
        1.058041387864402,
        1.0,
        0.9603536371772357,
        1.080911429690583,
        1.0212518042640892,
        0.9804884717641723
    ],
    "WtoLNu-4Jets_MLNu-0to120_HT-800to1500_TuneCP5_13p6TeV_madgraphMLM-pythia8": 0.0005006473478047285,
    "WtoLNu-4Jets_MLNu-0to120_HT-800to1500_TuneCP5_13p6TeV_madgraphMLM-pythia8_LHEScaleSumw": [
        0.8052492086542354,
        0.8871044363348752,
        0.971001685009242,
        0.9077264160826771,
        1.0,
        1.0945776687428102,
        1.009468525469628,
        1.112106780679264,
        1.2173106204220496
    ],
    "WtoLNu-4Jets_MLNu-120_HT-100to400_TuneCP5_13p6TeV_madgraphMLM-pythia8": 0.0004129955836961841,
    "WtoLNu-4Jets_MLNu-120_HT-100to400_TuneCP5_13p6TeV_madgraphMLM-pythia8_LHEScaleSumw": [
        0.9513664218642585,
        0.971498742272509,
        0.9950687254699314,
        0.979494134444444,
        1.0,
        1.0240710163672795,
        1.0042224753067717,
        1.0250456662776748,
        1.04954752737673
    ],
    "WtoLNu-4Jets_MLNu-120_HT-1500to2500_TuneCP5_13p6TeV_madgraphMLM-pythia8": 0.001403404668730112,
    "WtoLNu-4Jets_MLNu-120_HT-1500to2500_TuneCP5_13p6TeV_madgraphMLM-pythia8_LHEScaleSumw": [
        0.798338212663089,
        0.902216849425244,
        1.0107109288312748,
        0.8848162435442136,
        1.0,
        1.1203109706034518,
        0.9703153100162065,
        1.0966994512001165,
        1.2287199012859262
    ],
    "WtoLNu-4Jets_MLNu-120_HT-2500_TuneCP5_13p6TeV_madgraphMLM-pythia8": 0.0014695040478011478,
    "WtoLNu-4Jets_MLNu-120_HT-2500_TuneCP5_13p6TeV_madgraphMLM-pythia8_LHEScaleSumw": [
        0.7812704258450096,
        0.9004531346803928,
        1.027388773587286,
        0.8676624272137476,
        1.0000000000000002,
        1.1409479365855493,
        0.9541027932424284,
        1.0996101651603831,
        1.2545871364008028
    ],