{
    "QCD_HT50to100_TuneCP5_13TeV-madgraphMLM-pythia8": 291380.87144802284,
    "QCD_HT50to100_TuneCP5_13TeV-madgraphMLM-pythia8_LHEScaleSumw": [
        1.0226169398774245,
        0.8695250851660261,
        0.7755995826608344,
        1.1759428042057407,
        1.0,
        0.8920330182038915,
        1.328002419314664,
        1.1293970880808997,
        1.0075047619163908
    ],
    "QCD_HT100to200_TuneCP5_13TeV-madgraphMLM-pythia8": 17597.605413325462,
    "QCD_HT100to200_TuneCP5_13TeV-madgraphMLM-pythia8_LHEScaleSumw": [
        0.9263816459782419,
        0.8821933863403905,
        0.857659224916817,
        1.0500532343317235,
        1.0,
        0.9722035738582568,
        1.1728564420022123,
        1.1169796399393792,
        1.0859442020487002
    ],
    "QCD_HT200to300_TuneCP5_13TeV-madgraphMLM-pythia8": 1508.0640420248774,
    "QCD_HT200to300_TuneCP5_13TeV-madgraphMLM-pythia8_LHEScaleSumw": [
        0.8770844498154341,
        0.8944589771519148,
        0.917951076618984,
        0.9805987517576568,
        1.0,
        1.0262401983273157,
        1.083542301122867,
        1.1049594849164666,
        1.133933014800016
    ],
    "QCD_HT300to500_TuneCP5_13TeV-madgraphMLM-pythia8": 341.5823820597355,
    "QCD_HT300to500_TuneCP5_13TeV-madgraphMLM-pythia8_LHEScaleSumw": [
        0.8560189111493105,
        0.9015781174658679,
        0.9500350561472958,
        0.9494817257103586,
        1.0,
        1.0537316497811242,
        1.0424952176951208,
        1.0979490174764266,
        1.1569303189065125
    ],
    "QCD_HT500to700_TuneCP5_13TeV-madgraphMLM-pythia8": 29.60751058391373,
    "QCD_HT500to700_TuneCP5_13TeV-madgraphMLM-pythia8_LHEScaleSumw": [
        0.8386460208426364,
        0.9084274070971203,
        0.9801418091790307,
        0.9232021753328197,
        1.0,
        1.0789251933500685,
        1.0074106408701897,
        1.0911962888983084,
        1.1773028653793156
    ],
    "QCD_HT700to1000_TuneCP5_13TeV-madgraphMLM-pythia8": 8.086268773343898,
    "QCD_HT700to1000_TuneCP5_13TeV-madgraphMLM-pythia8_LHEScaleSumw": [
        0.8288887730458895,
        0.9127989267695741,
        0.999022478600017,
        0.9080881334917441,
        1.0,
        1.0944456224122427,
        0.9869917830300435,
        1.0868755468889868,
        1.189512581702936
    ],
    "QCD_HT1000to1500_TuneCP5_13TeV-madgraphMLM-pythia8": 4.405207151873075,
    "QCD_HT1000to1500_TuneCP5_13TeV-madgraphMLM-pythia8_LHEScaleSumw": [
        0.8201237751367061,
        0.9170067006695978,
        1.0171973495562356,
        0.8943583233005015,
        1.0,
        1.109248159911611,
        0.9683435354777404,
        1.082714683702713,
        1.2009900805542664
    ],
    "QCD_HT1500to2000_TuneCP5_13TeV-madgraphMLM-pythia8": 0.5503404190956378,
    "QCD_HT1500to2000_TuneCP5_13TeV-madgraphMLM-pythia8_LHEScaleSumw": [
        0.8121325552983157,
        0.9209525140255002,
        1.0345583571330024,
        0.881848150597765,
        1.0,
        1.1233477114788122,
        0.9513525945145413,
        1.0788081675577728,
        1.21186834786153
    ],
    "QCD_HT2000toInf_TuneCP5_13TeV-madgraphMLM-pythia8": 0.22766271541722777,
    "QCD_HT2000toInf_TuneCP5_13TeV-madgraphMLM-pythia8_LHEScaleSumw": [
        0.8051017414161632,
        0.9240605765142544,
        1.0496555983041551,
        0.871266827399709,
        1.0,
        1.1359149390971457,
        0.9372456921527541,
        1.075725765142071,
        1.221931657009588
    ],
    "WJetsToLNu_HT-100To200_TuneCP5_13TeV-madgraphMLM-pythia8": 1.0851145673019018,
    "WJetsToLNu_HT-100To200_TuneCP5_13TeV-madgraphMLM-pythia8_LHEScaleSumw": [
        0.9623396589419133,
        0.9619840175864454,
        0.9684306756679134,
        1.000583258533801,
        1.0,
        1.0065433611001051,
        1.0343088378193945,
        1.0335094833280087,
        1.0401267121121989
    ],
    "WJetsToLNu_HT-1200To2500_TuneCP5_13TeV-madgraphMLM-pythia8": 0.004861618439282274,
    "WJetsToLNu_HT-1200To2500_TuneCP5_13TeV-madgraphMLM-pythia8_LHEScaleSumw": [
        0.7911988210357319,
        0.8869340489145554,
        0.9861774967039953,
        0.8921041895149752,
        1.0,
        1.1118489190776093,
        0.9931110744917703,
        1.1131892585137992,
        1.2376668659130805
    ],
    "WJetsToLNu_HT-200To400_TuneCP5_13TeV-madgraphMLM-pythia8": 0.3403739499292181,
    "WJetsToLNu_HT-200To400_TuneCP5_13TeV-madgraphMLM-pythia8_LHEScaleSumw": [
        0.8965714499118208,
        0.9333169890992474,
        0.9724382343924035,
        0.9605328020078081,
        1.0,
        1.0420214347349561,
        1.0185300801350778,
        1.0604711480261222,
        1.105130488354062
    ],
    "WJetsToLNu_HT-2500ToInf_TuneCP5_13TeV-madgraphMLM-pythia8": 0.00010482931220247968,
    "WJetsToLNu_HT-2500ToInf_TuneCP5_13TeV-madgraphMLM-pythia8_LHEScaleSumw": [
        0.7733591833985028,
        0.891109060870132,
        1.0164387004954523,
        0.8679309604777476,
        1.0,
        1.140565930478599,
        0.9632306371979955,
        1.1097273713036062,
        1.2656450023167425
    ],
    "WJetsToLNu_HT-400To600_TuneCP5_13TeV-madgraphMLM-pythia8": 0.2687438291915212,
    "WJetsToLNu_HT-400To600_TuneCP5_13TeV-madgraphMLM-pythia8_LHEScaleSumw": [
        0.8395900467785616,
        0.9004620754792048,
        0.9625890404238404,
        0.9322575955609818,
        1.0,
        1.069138766912034,
        1.0211629152420543,
        1.0955374980756705,
        1.1714451637449423
    ],
    "WJetsToLNu_HT-600To800_TuneCP5_13TeV-madgraphMLM-pythia8": 0.042769015092912525,
    "WJetsToLNu_HT-600To800_TuneCP5_13TeV-madgraphMLM-pythia8_LHEScaleSumw": [
        0.818028820491887,
        0.8909680061330425,
        0.9653930377193962,
        0.918072818751907,
        1.0,
        1.083599647433589,
        1.0161093833605641,
        1.1068793878338365,
        1.199506249813692
    ],
    "WJetsToLNu_HT-70To100_TuneCP5_13TeV-madgraphMLM-pythia8": 1.0650548070795354,
    "WJetsToLNu_HT-70To100_TuneCP5_13TeV-madgraphMLM-pythia8_LHEScaleSumw": [
        1.0004864369712518,
        0.9688283422765325,
        0.9497007685700676,
        1.0330119867578005,
        1.0,
        0.9800137752533945,
        1.0613427511885514,
        1.02713361695035,
        1.0063867213461244
    ],
    "WJetsToLNu_HT-800To1200_TuneCP5_13TeV-madgraphMLM-pythia8": 0.020250239022757827,
    "WJetsToLNu_HT-800To1200_TuneCP5_13TeV-madgraphMLM-pythia8_LHEScaleSumw": [
        0.8048403829773808,
        0.8875203212401278,
        0.9723037620384607,
        0.9068396746498794,
        1.0,
        1.0955326396123914,
        1.007960216484577,
        1.1115342857692476,
        1.2177486617967106
    ]
}