{
    "TGJets_TuneCP5_13TeV-amcatnlo-madspin-pythia8": 0.03002425458202084,
    "TGJets_TuneCP5_13TeV-amcatnlo-madspin-pythia8_LHEScaleSumw": [
        0.9782387198229914,
        0.9770559582246475,
        0.9656504124807561,
        0.9934906049634586,
        1.0,
        0.9986519967996268,
        1.0266861022483103,
        1.0386914379188648,
        1.0444530466576831
    ],
    "TGJets_leptonDecays_TuneCP5_13TeV-amcatnlo-pythia8": 0.0033186227990143337,
    "TGJets_leptonDecays_TuneCP5_13TeV-amcatnlo-pythia8_LHEScaleSumw": [
        0.9764917807432871,
        0.9766254524884237,
        0.9663003795057212,
        0.9924291172059545,
        0.9995410478523485,
        1.0260487375140168,
        1.0389754432975928,
        1.045520310534778
    ],
    "ST_t-channel_top_4f_InclusiveDecays_TuneCP5_13TeV-powheg-madspin-pythia8": 0.0020414523705939627,
    "ST_t-channel_top_4f_InclusiveDecays_TuneCP5_13TeV-powheg-madspin-pythia8_LHEScaleSumw": [
        0.9534413102975966,
        0.9540850456787096,
        0.9451325882914386,
        0.99782384978199,
        1.0000304464749212,
        0.9961657671357955,
        1.0528051936830511,
        1.056386821019176,
        1.056342948189816
    ],
    "ST_t-channel_antitop_4f_InclusiveDecays_TuneCP5_13TeV-powheg-madspin-pythia8": 0.0010673960114944482,
    "ST_t-channel_antitop_4f_InclusiveDecays_TuneCP5_13TeV-powheg-madspin-pythia8_LHEScaleSumw": [
        0.9502298922861163,
        0.9499927322141861,
        0.9409243840138162,
        0.99810828393092,
        0.999998061262463,
        0.9963449322350393,
        1.0554983549567027,
        1.0592264470340864,
        1.0596472303511155
    ],
    "TTGamma_SingleLept_TuneCP5_13TeV-madgraph-pythia8": 0.016192426878423007,
    "TTGamma_SingleLept_TuneCP5_13TeV-madgraph-pythia8_LHEScaleSumw": [
        0.7775898852059668,
        0.8245383592841947,
        0.8740329947069633,
        0.9429664109440719,
        1.0,
        1.0601154938843051,
        1.1234715297863433,
        1.1915215002494017,
        1.2632375761833126
    ],
    "TTGJets_TuneCP5_13TeV-amcatnloFXFX-madspin-pythia8": 0.0033878803975104987,
    "TTGJets_TuneCP5_13TeV-amcatnloFXFX-madspin-pythia8_LHEScaleSumw": [
        0.9410367680919386,
        0.9345544620468503,
        0.927007481417694,
        0.9835085452844389,
        1.0,
        1.0132121188387135,
        1.0766045280124434,
        1.1090998464317288,
        1.1376291094661874
    ],
    "TTJets_TuneCP5_13TeV-amcatnloFXFX-pythia8": 0.001126659971711987,
    "TTJets_TuneCP5_13TeV-amcatnloFXFX-pythia8_LHEScaleSumw": [
        1.889191715530461,
        1.8584130145766975,
        1.8275521227409322,
        1.9784037154943896,
        1.0,
        2.0153381635240666,
        2.1840665667138315,
        2.2392147182669997,
        2.2864667216821988
    ],
    "TTToSemiLeptonic_TuneCP5_13TeV-powheg-pythia8": 0.0001524032953476297,
    "TTToSemiLeptonic_TuneCP5_13TeV-powheg-pythia8_LHEScaleSumw": [
        0.8877549504696207,
        0.9034380677160911,
        0.9138600690835793,
        0.9759976260720279,
        0.9999934071729957,
        1.0192775708575752,
        1.0785392881800264,
        1.1103843781383884,
        1.1379848689598633
    ],
    "TTTo2L2Nu_TuneCP5_13TeV-powheg-pythia8": 0.0005048597449241156,
    "TTTo2L2Nu_TuneCP5_13TeV-powheg-pythia8_LHEScaleSumw": [
        0.8877547218223288,
        0.9034484476942752,
        0.9138802591178424,
        0.9759885457818458,
        1.0000041266609818,
        1.0192885370963711,
        1.078522974922362,
        1.1103779530514701,
        1.137988296945682
    ],
    "ST_s-channel_4f_leptonDecays_TuneCP5_13TeV-amcatnlo-pythia8": 0.0032523118977698584,
    "ST_s-channel_4f_leptonDecays_TuneCP5_13TeV-amcatnlo-pythia8_LHEScaleSumw": [
        1.9704288215281387,
        1.9466208952830941,
        1.9272207053142358,
        2.028137372195153,
        1.0000000000000002,
        1.9774193876502153,
        2.0777345378466143,
        2.045721849488994,
        2.0203104050874763
    ],
    "ST_tW_top_5f_inclusiveDecays_TuneCP5_13TeV-powheg-pythia8": 0.008087235756916297,
    "ST_tW_top_5f_inclusiveDecays_TuneCP5_13TeV-powheg-pythia8_LHEScaleSumw": [
        0.9726065671728942,
        0.9538318562540041,
        0.9324531782197188,
        1.028415381659762,
        0.9999954366178987,
        0.973498216973216,
        1.0867228760276284,
        1.0498717229607193,
        1.0188468245096014
    ],
    "ST_tW_antitop_5f_inclusiveDecays_TuneCP5_13TeV-powheg-pythia8": 0.008287415929253621,
    "ST_tW_antitop_5f_inclusiveDecays_TuneCP5_13TeV-powheg-pythia8_LHEScaleSumw": [
        0.9727308537997824,
        0.9537813291887989,
        0.9322895129981599,
        1.0285214044477093,
        0.9999508295991539,
        0.9733623147339484,
        1.0868143931898973,
        1.0498315011377977,
        1.0187319546981535
    ],
    "TTWJetsToLNu_TuneCP5_13TeV-amcatnloFXFX-madspin-pythia8": 0.004147023486341916,
    "TTWJetsToLNu_TuneCP5_13TeV-amcatnloFXFX-madspin-pythia8_LHEScaleSumw": [
        0.9069221517322715,
        0.9155917998403852,
        0.9203137409088498,
        0.9810519288213336,
        1.0,
        1.0148784441683267,
        1.0828200512046782,
        1.11011242331489,
        1.133329022684411
    ],
    "TTWJetsToQQ_TuneCP5_13TeV-amcatnloFXFX-madspin-pythia8": 0.04576573891321448,
    "TTWJetsToQQ_TuneCP5_13TeV-amcatnloFXFX-madspin-pythia8_LHEScaleSumw": [
        0.9069317481138753,
        0.9154006958280424,
        0.9199551894249289,
        0.981224896452092,
        1.0,
        1.0147221107669446,
        1.0831341799261036,
        1.1102677502625966,
        1.1333322179561434
    ],
    "TTZToQQ_TuneCP5_13TeV-amcatnlo-pythia8": 0.003011759915308151,
    "TTZToQQ_TuneCP5_13TeV-amcatnlo-pythia8_LHEScaleSumw": [
        0.9132601586981044,
        0.9271081910344677,
        0.9377517994239326,
        0.9734571054772923,
        1.0,
        1.0227847358909905,
        1.0519118754139398,
        1.0894135964132192,
        1.1229222380897503
    ],
    "TTZToNuNu_TuneCP5_13TeV-amcatnlo-pythia8": 0.009994633381717447,
    "TTZToNuNu_TuneCP5_13TeV-amcatnlo-pythia8_LHEScaleSumw": [
        0.9151418289895661,
        0.9282730596222443,
        0.9382244232165442,
        0.973932581600879,
        1.0,
        1.0222994527125293,
        1.0514579111931093,
        1.0886116928368892,
        1.1217506101587456
    ],
    "TTZToLL_TuneCP5_13TeV_amcatnlo-pythia8": 0.0013840536745738255,
    "TTZToLL_TuneCP5_13TeV_amcatnlo-pythia8_LHEScaleSumw": [
        0.914762228294462,
        0.9279094372999488,
        0.9379199571905401,
        0.9740490966294083,
        1.0222318284302068,
        1.0518055211059363,
        1.088755528160121,
        1.121738633655436
    ],
    "WJetsToLNu_TuneCP5_13TeV-amcatnloFXFX-pythia8": 0.0007332026668369732,
    "WJetsToLNu_TuneCP5_13TeV-amcatnloFXFX-pythia8_LHEScaleSumw": [
        1.0184378470340063,
        0.9828576879514674,
        0.9656670748802763,
        1.0465227225447813,
        1.0,
        0.9731817546931166,
        1.0719136713228083,
        1.0160757411382504,
        0.9812696207274938
    ],
    "WGToLNuG_01J_5f_TuneCP5_13TeV-amcatnloFXFX-pythia8": 0.0005197906141349436,
    "WGToLNuG_01J_5f_TuneCP5_13TeV-amcatnloFXFX-pythia8_LHEScaleSumw": [
        0.984736197327431,
        0.9528406509515736,
        0.93468211857437,
        1.04184601035742,
        1.0,
        0.973885074489941,
        1.0923677220217265,
        1.041541171383148,
        1.0083294666185276
    ],
    "DYJetsToLL_M-10to50_TuneCP5_13TeV-amcatnloFXFX-pythia8": 0.0007888304320359933,
    "DYJetsToLL_M-10to50_TuneCP5_13TeV-amcatnloFXFX-pythia8_LHEScaleSumw": [
        1.183141255165516,
        0.968555685550986,
        0.9140140763118977,
        1.250811194708635,
        0.9088600134152539,
        1.306510043937475,
        1.0252087975220205,
        0.9060565497076516
    ],