{
    "QCD_Pt_3200toInf_TuneCP5_13TeV_pythia8": 8.114859999999998e-06,
    "QCD_Pt_2400to3200_TuneCP5_13TeV_pythia8": 0.00010682797679972705,
    "QCD_Pt_1800to2400_TuneCP5_13TeV_pythia8": 0.0009521606264796941,
    "QCD_Pt_1400to1800_TuneCP5_13TeV_pythia8": 0.0035307157166272083,
    "QCD_Pt_1000to1400_TuneCP5_13TeV_pythia8": 0.02271694467046379,
    "QCD_Pt_800to1000_TuneCP5_13TeV_pythia8": 0.04267021449904969,
    "QCD_Pt_600to800_TuneCP5_13TeV_pythia8": 0.1398616101993112,
    "QCD_Pt_470to600_TuneCP5_13TeV_pythia8": 0.6294896403593474,
    "QCD_Pt_300to470_TuneCP5_13TeV_pythia8": 7.058027490982618,
    "QCD_Pt_170to300_TuneCP5_13TeV_pythia8": 209.9633625076328,
    "QCD_Pt_120to170_TuneCP5_13TeV_pythia8": 813.2574387629529,
    "QCD_Pt_80to120_TuneCP5_13TeV_pythia8": 4705.303268735862,
    "QCD_Pt_50to80_TuneCP5_13TeV_pythia8": 48194.63397116914
}